{"cameraMode":{"drawMode":0,"name":"Shaded","section":"Shading Mode"},"sceneLighting":true,"audioPlay":false,"sceneViewState":{"m_AlwaysRefresh":false,"showFog":true,"showSkybox":true,"showFlares":true,"showImageEffects":true,"showParticleSystems":true,"showVisualEffectGraphs":true,"m_FxEnabled":true},"in2DMode":false,"pivot":{"x":-6.099077224731445,"y":1.216819405555725,"z":2.3205137252807619},"rotation":{"x":-0.07312483340501785,"y":0.23470105230808259,"z":-0.017708763480186464,"w":-0.9691522121429443},"size":3.385824680328369,"orthographic":false}