{"cameraMode":{"drawMode":0,"name":"Shaded","section":"Shading Mode"},"sceneLighting":true,"audioPlay":false,"sceneViewState":{"m_AlwaysRefresh":false,"showFog":true,"showSkybox":true,"showFlares":true,"showImageEffects":true,"showParticleSystems":true,"showVisualEffectGraphs":true,"m_FxEnabled":true},"in2DMode":false,"pivot":{"x":-0.4966956079006195,"y":0.9827803373336792,"z":4.304056167602539},"rotation":{"x":0.16306434571743012,"y":-0.22572112083435059,"z":0.038357462733983996,"w":0.959686279296875},"size":5.877424716949463,"orthographic":false}